URL,Method,Status,Time (ms),Content Length
https://www.google.com,GET,200,1262,19542
https://www.example.com,POST,403,738,369
https://httpbin.org/put,PUT,200,1428,396
https://jsonplaceholder.typicode.com/posts,GET,200,622,27520
https://jsonplaceholder.typicode.com/posts/1,GET,200,192,292
https://reqres.in/api/users,POST,401,1141,72
https://pokeapi.co/api/v2/pokemon/ditto,PUT,404,706,159
https://dog.ceo/api/breeds/image/random,GET,200,1099,131
https://www.boredapi.com/api/activity,POST,503,1554,506
https://official-joke-api.appspot.com/random_joke,GET,200,613,122
https://api.coindesk.com/v1/bpi/currentprice.json,GET,Error,-,-
https://catfact.ninja/fact,GET,200,610,204
https://api.ipify.org?format=json,GET,200,509,23
https://www.example.com,GET,200,305,1256
https://en.wikipedia.org/wiki/HTTP,GET,200,833,376711
https://thisurldoesnotexist.tld,GET,Error,-,-
https://www.reddit.com,GET,200,2601,652399
https://httpbin.org/get,GET,200,860,305
https://reqres.in/api/users?page=2,GET,200,158,1088
https://www.github.com,POST,200,823,285198
https://api.openweathermap.org/data/2.5/weather?q=London&appid=your_api_key,GET,401,214,108
https://api.nasa.gov/planetary/apod?api_key=DEMO_KEY,GET,200,1204,1302
https://jsonplaceholder.typicode.com/users,POST,201,972,14
https://httpbin.org/post,POST,200,307,397
https://jsonplaceholder.typicode.com/posts/1,PUT,200,920,13
https://api.spacexdata.com/v4/launches/latest,GET,200,615,1427
https://api.genderize.io?name=lucas,GET,200,1635,66
https://api.openai.com/v1/completions,POST,401,615,496
https://api.stripe.com/v1/charges,POST,401,410,342
https://www.w3schools.com,GET,200,936,397673
https://api.github.com/repos/octocat/hello-world,GET,200,523,5044
https://dog.ceo/api/breeds/image/random,GET,200,667,97
https://www.bbc.com,GET,200,635,495662
https://www.stackoverflow.com,GET,200,1266,355252
https://www.python.org,GET,200,238,51024
https://www.microsoft.com,GET,200,396,201253
https://www.apple.com,GET,200,366,188884
https://www.netflix.com,GET,200,4141,3045514
https://www.amazon.com,GET,503,518,1203
https://www.yahoo.com,GET,429,156,23
https://www.reddit.com/r/programming,GET,200,2251,571449
https://www.quora.com,GET,200,651,75885
https://www.linkedin.com,GET,200,1044,138948
https://www.stackexchange.com,GET,200,817,104731
https://www.medium.com,GET,200,461,39095
https://www.github.com,GET,200,726,285198
https://www.docker.com,GET,200,403,286165
https://www.google.com/maps,GET,200,731,230374
https://www.khanacademy.org,GET,200,656,150807
https://www.ted.com,GET,200,702,456089
https://www.digitalocean.com,GET,200,336,249452
https://www.codingame.com,GET,200,3217,1565859
https://www.codewars.com,GET,200,1222,149299
https://www.freecodecamp.org,GET,200,1146,373287
https://www.codecademy.com,GET,200,1556,587834
https://www.udemy.com,GET,200,299,185162
https://www.coursera.org,GET,200,954,558828
https://www.edx.org,GET,200,929,2179185
https://www.udacity.com,GET,200,1715,1451801
https://www.pluralsight.com,GET,200,1178,475458
https://www.codecademy.com,POST,200,2416,556681
https://www.blog.google,GET,200,2550,356506
https://www.asana.com,GET,200,904,541940
https://www.trello.com,GET,200,876,286344
https://www.spotify.com,GET,200,1028,41876
https://www.reddit.com/r/learnprogramming,GET,200,1726,593007
https://www.nytimes.com,GET,200,680,744467
https://www.huffpost.com,GET,200,1376,766913
https://www.bbc.co.uk,GET,200,554,662873
https://www.theguardian.com,GET,200,831,1184109
https://www.cnn.com,GET,200,1817,3273850
https://www.aljazeera.com,GET,200,731,402530
https://www.npr.org,GET,200,466,489031
https://www.washingtonpost.com,GET,Error,-,-
https://www.politico.com,GET,200,1234,336627
https://www.scribd.com,GET,200,1632,1378595
https://www.excel.com,GET,Error,-,-
https://www.lumen5.com,GET,200,1601,64683
https://www.buzzfeed.com,GET,200,4559,881181
https://www.businessinsider.com,GET,200,1695,532025
https://www.mashable.com,GET,200,1833,248572
https://www.scribbr.com,GET,200,1982,160449
https://www.jstor.org,GET,200,1369,41691
https://www.scholarsphere.psu.edu,GET,Error,-,-
https://www.citeulike.org,GET,200,2896,161116
https://www.academia.edu,GET,200,1374,152585
https://www.arxiv.org,GET,200,1024,44228
https://www.gutenberg.org,GET,200,1840,21694
https://www.nature.com,GET,200,5561,252877
https://www.sciencedirect.com,GET,403,1588,899335
https://www.springer.com,GET,200,3489,38621
https://www.wiley.com,GET,200,4659,345602
https://www.journals.sagepub.com,GET,403,355,7005
https://www.psychologytoday.com,GET,200,2439,166310
https://www.smithsonianmag.com,GET,200,1876,156167
https://www.nationalgeographic.com,GET,200,2457,372291
https://www.cbsnews.com,GET,200,1761,449633
https://www.reuters.com,GET,401,502,739
https://www.nbcnews.com,GET,200,3772,734770
https://www.abcnews.com,GET,200,3390,659621
https://www.reddit.com/r/learnpython,GET,200,3170,585576
https://www.superuser.com,GET,200,2001,159189
https://www.stackoverflow.com/questions,GET,200,2038,354630
