URL,Method,Status,Time (ms),Content Length
https://www.google.com,GET,200,1156,19528
https://www.example.com,POST,403,666,369
https://httpbin.org/put,PUT,200,2554,396
https://jsonplaceholder.typicode.com/posts,GET,200,511,27520
https://jsonplaceholder.typicode.com/posts/1,GET,200,197,292
https://reqres.in/api/users,POST,401,927,72
https://pokeapi.co/api/v2/pokemon/ditto,PUT,404,815,159
https://dog.ceo/api/breeds/image/random,GET,200,1122,99
https://www.boredapi.com/api/activity,POST,503,1841,506
https://official-joke-api.appspot.com/random_joke,GET,200,2149,102
https://api.coindesk.com/v1/bpi/currentprice.json,GET,Error,-,-
https://catfact.ninja/fact,GET,200,1639,116
https://api.ipify.org?format=json,GET,200,920,23
https://www.example.com,GET,200,305,1256
https://en.wikipedia.org/wiki/HTTP,GET,200,1266,376711
https://thisurldoesnotexist.tld,GET,Error,-,-
https://www.reddit.com,GET,200,2378,649516
https://httpbin.org/get,GET,200,1075,305
https://reqres.in/api/users?page=2,GET,200,178,1088
https://www.github.com,POST,200,836,285197
https://api.openweathermap.org/data/2.5/weather?q=London&appid=your_api_key,GET,401,276,108
https://api.nasa.gov/planetary/apod?api_key=DEMO_KEY,GET,200,1413,1302
https://jsonplaceholder.typicode.com/users,POST,201,1130,14
https://httpbin.org/post,POST,200,495,397
https://jsonplaceholder.typicode.com/posts/1,PUT,200,830,13
https://api.spacexdata.com/v4/launches/latest,GET,200,1331,1427
https://api.genderize.io?name=lucas,GET,200,1841,66
https://api.openai.com/v1/completions,POST,401,718,496
https://api.stripe.com/v1/charges,POST,401,408,342
https://www.w3schools.com,GET,200,885,397673
https://api.github.com/repos/octocat/hello-world,GET,200,955,5044
https://dog.ceo/api/breeds/image/random,GET,200,719,96
https://www.bbc.com,GET,200,1339,495661
https://www.stackoverflow.com,GET,200,2269,354042
